Product Name,Dicount,Price,Image URL,Brand Name,Product Type,Frame Type,Frame Shape,ModelNumber,Frame Size,Frame Width,Frame Dimensions,Frame Colour,Weight,Weight Group,Frame Material,Temple Material,Prescription Type,Lens Color,Face Shape,Activity,Number of Reviews,Rating,description
Black Full Rim Wayfarer,12.50%,10000,https://static5.lenskart.com/media/catalog/product/pro/1/thumbnail/480x480/9df78eab33525d08d6e5fb8d27136e95//j/i/black-full-rim-wayfarer-john-jacobs-jj-rich-acetate-jj-e70137-eyeglasses_dsc2268_11_02_2025.jpg,John Jacobs,Eyeglasses,Full Rim,Wayfarer,JJ E70137,Wide,140 mm,50-20-145,Black,38 gm,Above Average,Italian Acetate,Italian Acetate,Bifocal ,Grey  ,Diamond  ,Casual  ,230,4.5,"Introducing the Black Full Rim Wayfarer from John Jacobs, a classic eyeglasses design perfect for casual wear. Made with Italian Acetate, this Wide fit Wayfarer features a 140mm frame width, a durable weight above average, and comfortable temple length. With a sleek black color and Grey lens, this stylish frame suits diamond face shapes and is suitable for everyday activities. Perfect for those seeking a timeless look, this Bifocal model is backed by 230 reviews and holds a rating of 4.5 from satisfied customers."
Black Full Rim Geometric,5.30%,3460,https://static5.lenskart.com/media/catalog/product/pro/1/thumbnail/480x480/9df78eab33525d08d6e5fb8d27136e95//v/i/brown-gold-black-full-rim-geometric-vincent-chase-polarized-pilot-collection-vc-s15403-c2-sunglasses_g_0716_01_02_2023.jpg,Vincent Chase Polarized,Sunglasses,Full Rim,Geometric,VC S15403,Medium,136 mm,54-17-135,Black,20 gm,Light,Stainless Steel,Stainless Steel,Progressive,Brown  ,Triangle  ,Driving  ,185,4.6,"Our Vincent Chase Polarized Black Full Rim Geometric sunglasses offer a sophisticated look with a balance of style and functionality. Ideal for driving, these medium-framed sunglasses feature a geometric frame shape with 136mm width and made from durable stainless steel. With its light weight of 20gm and brown polarized lenses, the VC S15403 model provides optimal comfort and protection for your eyes, available at 185 customer reviews and a rating of 4.6 out of 5."
Gold Full Rim Cat Eye,9.80%,3460,https://static5.lenskart.com/media/catalog/product/pro/1/thumbnail/480x480/9df78eab33525d08d6e5fb8d27136e95//v/i/gold-brown-full-rim-cat-eye-vincent-chase-polarized-polarized-the-metal-edit-vc-s11470-c5-sunglasses_vincent-chase-vc-s11470-c5-sunglasses_sunglasses_g_2463_1_28july23.jpg,Vincent Chase Polarized,Sunglasses,Full Rim,Cat Eye,VC S11470,Medium,138 mm,54-18-148,Gold,25 gm,Average,Stainless Steel,Stainless Steel,No Power,Brown  ,Heart  ,Fashion  ,210,4.7,"Introducing the Vincent Chase Polarized Gold Full Rim Cat Eye Sunglasses. Made from high-quality stainless steel frames with temple and frame stays also made from stainless steel, these elegant cat eye shades boast a sturdy medium-sized frame with a 138mm width and dimensions of 54-18-148. With brown tint lenses, this style is perfect for fashion-conscious hearts-shaped faces. The Vincent Chase Polarized Gold Full Rim Cat Eye sunglasses weigh 25gm and are backed by 210+ reviews with an average rating of 4.7, making them a great accessory for any fashion enthusiast."
Light Brown Full Rim Cat Eye,7.10%,8910,https://static5.lenskart.com/media/catalog/product/pro/1/thumbnail/480x480/9df78eab33525d08d6e5fb8d27136e95//j/i/john-jacobs-jj-s16897-c4-sunglasses_img_3198_18_jan24.jpg,John Jacobs,Sunglasses,Full Rim,Cat Eye,JJ S16897,Wide,145 mm,53-15-145,Light Brown,49 gm,Above Average,Italian Acetate,Acetate,Progressive,Brown  ,Oval  ,Fashion  ,150,4.4,"The John Jacobs Light Brown Full Rim Cat Eye sunglasses offer a timeless fashion appeal with their stylish cat eye frame, perfect for oval-shaped faces. Made from high-quality Italian acetate frame material, this wide full-rim design features a light brown colour and weighs in at 49 grams, making it above average in weight. Suitable for progressive prescriptions, these sunglasses also come with a brown lens colour for maximum comfort and UV protection, and are available in a wide size to fit a variety of face shapes."
Light Green Full Rim Clubmaster,3.20%,3460,https://static5.lenskart.com/media/catalog/product/pro/1/thumbnail/480x480/9df78eab33525d08d6e5fb8d27136e95//v/i/Matte-Green-Grey-Full-Rim-Club-Master-Vincent-Chase-Polarized-HAVANA-VC-S14482-C5-Sunglasses_vincent-chase-vc-s14482-c5-sunglasses_J_147418_02_2022.jpg,Vincent Chase Polarized,Sunglasses,Full Rim,Clubmaster,VC S14482,Medium,140 mm,51-19-45,Light Green,21 gm,Average,Stainless Steel,PC,Bifocal ,Gray  ,Square  ,Driving  ,195,4.5,"Our Vincent Chase Polarized Light Green Full Rim Clubmaster sunglasses provide the perfect blend of style and functionality for driving enthusiasts. Made from high-quality Stainless Steel frames with PC temples, these sleek and classic sunglasses have a medium size, 140 mm width, 51-19-45 dimensions, and weigh 21 gm, making them comfortable to wear. With polarized gray lenses and an average weight group, these sunglasses are ideal for anyone with a square face shape, driving in glare-prone conditions."
Gold Full Rim Cat Eye,14.60%,3460,https://static5.lenskart.com/media/catalog/product/pro/1/thumbnail/480x480/9df78eab33525d08d6e5fb8d27136e95//v/i/vincent-chase-vcs000330-c15-sunglasses_dsc5341_21_11_2024.jpg,Vincent Chase,Sunglasses,Full Rim,Cat Eye,VCS000330,Wide,141 mm,58-18-144,Gold,21 gm,Average,Stainless Steel,Stainless Steel,No Power,Pink  ,Rectangle  ,Fashion  ,180,4.6,"Introducing the Vincent Chase Gold Full Rim Cat Eye, a statement piece designed for fashionistas. This stunning pair features a wide, gold full rim cat eye frame, stainless steel temples, and vibrant pink lenses, set with a 58 18 144 dimension. Available in average weight stainless steel, these sleek sunglasses are ideal for everyday fashion wear and perfect for making a bold statement."
Gold Full Rim Round,6.90%,3460,https://static5.lenskart.com/media/catalog/product/pro/1/thumbnail/480x480/9df78eab33525d08d6e5fb8d27136e95//v/i/gold-tortoise-brown-full-rim-round-vincent-chase-polarized-tint---tones-vc-s11164-c11-sunglasses_g_5845_07_20_23.jpg,Vincent Chase Polarized,Sunglasses,Full Rim,Round,VC S11164,Narrow,135 mm,48-22-145,Gold,18 gm,Light,Polycarbonate,Stainless Steel,Progressive,Brown  ,Diamond  ,Driving  ,200,4.7,"The Vincent Chase Polarized Gold Full Rim Round sunglasses are designed for driving, boasting a narrow round frame that suits the diamond face shape. Made from lightweight and impact-resistant polycarbonate, these frames are paired with durable stainless steel temples. With a weight classification as Light, they provide comfort for extended wear. The brown progressive lenses offer excellent vision correction, while the gold full rim frames add a touch of elegance to your style. Featuring over 4.7-star ratings from over 200 customer reviews, these sunglasses deliver exceptional quality and performance."
Gold Full Rim Round,2.50%,3460,https://static5.lenskart.com/media/catalog/product/pro/1/thumbnail/480x480/9df78eab33525d08d6e5fb8d27136e95//v/i/vincent-chase-vintage-vc-s15746-c2-sunglasses_g_4775_13_07_2023.jpg,Vincent Chase Polarized,Sunglasses,Full Rim,Round,VC S15746,Narrow,134 mm,48-22-145,Gold,26 gm,Average,Stainless Steel,Stainless Steel,Bifocal,Blue  ,Triangle  ,Fashion  ,170,4.5,"Introducing the Vincent Chase Polarized Gold Full Rim Round Sunglasses, a statement piece for fashion-conscious individuals. Made with high-quality stainless steel frames and temples, these round sunglasses feature a 134mm frame width and 48-22-145 dimensions, ensuring a comfortable fit for visitors of a Triangle face shape. Available in gold, they incorporate blue polarized lenses with bifocal prescription capabilities, ensuring optimal clarity and style for everyday wear."
Black Rimless Round,11.40%,3460,https://static5.lenskart.com/media/catalog/product/pro/1/thumbnail/480x480/9df78eab33525d08d6e5fb8d27136e95//v/i/vincent-chase-vc-s17526-c1-sunglasses_dsc2702_08_01_2025.jpg,Vincent Chase,Sunglasses,Rimless,Round,VC S17526,Wide,144 mm,59-17-147,Black,20 gm,Light,Stainless Steel,Metal,Progressive,Grey  ,Heart  ,Fashion  ,190,4.6,"Our Vincent Chase Black Rimless Round sunglasses make a stylish statement with their sleek, round frame designed specifically for heart-shaped faces. Crafted from sturdy stainless steel, these comfortable lights feature a light weight and a fashionable grey lens carefully paired with a precise progressive lens for superior vision. With over 190 reviews and a rating of 4.6, these chic frames prove to be a fashion icon for those who want both performance and a timeless style. (Model VC S17526)"
Gold Rimless Round,4.80%,3460,https://static5.lenskart.com/media/catalog/product/pro/1/thumbnail/480x480/9df78eab33525d08d6e5fb8d27136e95//v/i/vincent-chase-vc-s17526-c2-sunglasses_dsc2737_08_01_2025.jpg,Vincent Chase,Sunglasses,Rimless,Round,VC S17526,Wide,144 mm,59-17-147,Gold,20 gm,Light,Metal,Stainless Steel,Bifocal,Pink  ,Oval  ,Fashion  ,185,4.5,"The Vincent Chase Gold Rimless Round sunglasses offer stylish and lightweight design, perfect for oval face shapes. Characterized by its wide size, 144mm width, and 59-17-147 frame dimensions, gold coloured round frames made from metal provide a strong and durable foundation. Equipped with stainless steel temples and weighing just 20 grams - placing it firmly in the light weight category - this model is ideal for everyday wear and fashion enthusiasts."
Gold Full Rim Rectangle,8.20%,1500,https://static5.lenskart.com/media/catalog/product/pro/1/thumbnail/480x480/9df78eab33525d08d6e5fb8d27136e95//v/i/Gold-Black-Full-Rim-Rectangle-Vincent-Chase-VINTAGE-VC-S13969-C5-Polarized-Sunglasses_vincent-chase-vc-s13969-c5-sunglasses_sunglasses_sunglasses_g_631818_02_2022.jpg,Vincent Chase Online,Sunglasses,Full Rim,Rectangle,VC S13969,Extra Wide,147 mm,61-15-142,Gold,27 gm,Light,Stainless Steel,Stainless Steel,Progressive,Brown  ,Square  ,Business  ,220,4.4,"Experience the perfect blend of style and functionality with Vincent Chase Online's Gold Full Rim Rectangle sunglasses. Featuring an extra wide frame in gold, these stylish shades boast a sleek, rectangular design that complements a wide range of faces. With progressive lenses and brown tint, they're ideal for business professionals and everyday wear. Weighing only 27 grams, they provide a comfortable fit that won't weigh you down. With over 220 customer reviews and a 4.4-star rating, you can trust that you're getting a top-quality pair that will elevate your look and your daily routine."
Silver Full Rim Rectangle,1.70%,3460,https://static5.lenskart.com/media/catalog/product/pro/1/thumbnail/480x480/9df78eab33525d08d6e5fb8d27136e95//v/i/silver-black-full-rim-rectangle-square-vincent-chase-the-metal-edit-vc-s13118-c1-polarized-sunglasses_vincent-chase-vc-s13118-c1-c1-sunglasses_sunglasses_g_8422_5july23.jpg,Vincent Chase Polarized,Sunglasses,Full Rim,Rectangle,VC S13118,Wide,144 mm,57-13-145,Silver,19 gm,Feather Light,Stainless Steel,Stainless Steel,Bifocal,Blue  ,Rectangle  ,Driving  ,195,4.6,"Experience optimized driving vision with the Vincent Chase Polarized Silver Full Rim Rectangle Sunglasses. This heavyweight, precision-cut stainless steel frame model VC S13118 features a sturdy silver finish and wide rectangular shape. Perfect for drivers who require a stylish and durable solution for comfortable and effective eye care. Weighing in at feather-light 19 grams, these sunglasses guarantee all day wear comfort."
Silver Rimless Rectangle,10.50%,3460,https://static5.lenskart.com/media/catalog/product/pro/1/thumbnail/480x480/9df78eab33525d08d6e5fb8d27136e95//v/i/vincent-chase-vcs000322-c15-sunglasses__dsc5409_image_pla_02_12_2024.jpg,Vincent Chase,Sunglasses,Rimless,Rectangle,VCS000322,Narrow,131 mm,55-15-145,Silver,17 gm,Feather light,Stainless Steel,Stainless Steel,Bifocal,Gray  ,Diamond  ,Business  ,160,3.9,"Introducing the Vincent Chase Silver Rimless Rectangle Sunglasses, a stylish and durable pair designed specifically for business professionals. Made with stainless steel frames, this narrow rectangle style features a silver finish and allows for clear line of sight. Weighing in at a feather-light 17 grams, the VCS000322 boasts a sleek design perfect for work. Available in both Bifocal and prescription lenses with gray Gray lenses, this versatile pair is backed by 160 3.9-star reviews from satisfied owners."
Gold Full Rim Rectangle,13.90%,3460,https://static5.lenskart.com/media/catalog/product/pro/1/thumbnail/480x480/9df78eab33525d08d6e5fb8d27136e95//v/i/vincent-chase-vc-s16966-c2-sunglasses__dsc5961_22_05_2024.jpg,Vincent Chase Polarized,Sunglasses,Full Rim,Rectangle,VC S16966,Wide,143 mm,52-20-145,Gold,26 gm,Average,Polycarbonate,Stainless Steel,Progressive,Grey  ,Triangle  ,Driving  ,215,4.7,"Introducing the Vincent Chase Polarized Gold Full Rim Rectangle, a stylish and functional driving sunglasses perfect for triangle-shaped faces. Made from lightweight polycarbonate and stainless steel temples, this wide frame rectangle features a gold gold finish, grey progressive lenses for clear vision, and a 4.7-star rating among 215 reviewers who praise its comfort and exceptional performance."
Mid Gunmetal Full Rim Aviator,0.00%,3460,https://static5.lenskart.com/media/catalog/product/pro/1/thumbnail/480x480/9df78eab33525d08d6e5fb8d27136e95//v/i/grey-gradient-gunmetal-green-full-rim-aviator-vincent-chase-polarized-the-metal-edit-vc-s13835-n-c2-sunglasses__dsc7623_27_06_2024.jpg,Vincent Chase Polarized,Sunglasses,Full Rim,Aviator,VC S13835-N,Narrow,134 mm,50-20-142,Mid Gunmetal,28 gm,Average,Stainless Steel,Stainless Steel,No Power,Grey  ,Heart  ,Driving  ,190,4.6,"The Vincent Chase Polarized Mid Gunmetal Full Rim Aviator sunglasses are a stylish driving accessory, designed to provide optimal visibility and comfort for heart-shaped faces. Made with high-quality stainless steel frames and lenses, this model boasts a narrow fit and 134mm frame width, weighing 28 grams. Available with gre grey polarized lenses, this aviator-style sunglasses features an average weight group and a perfect blend of style and functionality. With 190 reviews and an overall rating of 4.6, they make an ideal choice for discerning drivers looking for a reliable, no power prescription glasses."
Mid Gunmetal Full Rim Aviator,5.10%,3460,https://static5.lenskart.com/media/catalog/product/pro/1/thumbnail/480x480/9df78eab33525d08d6e5fb8d27136e95//v/i/grey-gradient-gunmetal-green-full-rim-aviator-vincent-chase-polarized-the-metal-edit-vc-s13835-xw-c2-sunglasses__dsc7615_27_06_2024.jpg,Vincent Chase Polarized,Sunglasses,Full Rim,Aviator,VC S13835-XW,Extra Wide,148 mm,53-20-145,Mid Gunmetal,29 gm,Average,Stainless Steel,Stainless Steel,No Power,Grey  ,Oval  ,Fashion  ,175,4,"The Vincent Chase Polarized Mid Gunmetal Full Rim Aviator features a stylish stainless steel aviator frame in a Mid Gunmetal finish. With extra wide dimensions and an oval face shape in mind, this oval-shaped aviator sunglasses provides the perfect fit for oval faces. Equipped with grey polarized lenses and stainless steel temples, this stylish accessory is designed for fashion enthusiasts. Average in weight, this stylish sunglasses boasts a 4-star rating from 175 reviews and is available to purchase for 3461.538462."
Light Gunmetal Full Rim Aviator,14.20%,3460,https://static5.lenskart.com/media/catalog/product/pro/1/thumbnail/480x480/9df78eab33525d08d6e5fb8d27136e95//v/i/vincent-chase-vcs000315-c26-sunglasses__dsc5265_image_pla_02_12_2024.jpg,Vincent Chase,Sunglasses,Full Rim,Aviator,VCS000315,Wide,142 mm,60-12-140,Light Gunmetal,29 gm,Average,Stainless Steel,VC Sun Metal,Progressive,Brown  ,Square  ,Fashion  ,230,4.7,"The Vincent Chase Light Gunmetal Full Rim Aviator is a stylish and durable aviator frame designed for fashionable square faces. Made from high-quality stainless steel, the frame is paired with temple details in VC Sun Metal, supporting average to heavy-weight wearers. Available in progressive prescription lenses, with brown tint, this stylish accessory features a widespread 142mm frame width and 60-12-140 height, providing a classic, sleek performance to suit modern tastes."
Gold Full Rim Aviator,7.80%,3460,https://static5.lenskart.com/media/catalog/product/pro/1/thumbnail/480x480/9df78eab33525d08d6e5fb8d27136e95//v/i/brown-golden-full-rim-aviator-vincent-chase-indoor-glasses-vc-s17423-c2-sunglasses__dsc2132_07_08_2024.jpg,Vincent Chase,Sunglasses,Full Rim,Aviator,VC S17423,Wide,142 mm,60-14-150,Gold,22 gm,Average,Stainless Steel,Stainless Steel,No Power,Pink  ,Rectangle  ,Fashion  ,180,5,"Introducing the Vincent Chase Gold Full Rim Aviator, a stylish and durable pair of sunglasses ideal for fashion enthusiasts. Made from high-quality stainless steel, these wide-framed aviators boast a gold finish and pink lenses, exuding a chic and sophisticated look. Engineered to comfort, the Vincent Chase Gold Full Rim Aviator features an average weight and is designed to enhance any rectangle-shaped face, making it the perfect accessory for anyone looking to elevate their style and add a touch of elegance to their outfit."
Mid Gunmetal Full Rim Aviator,2.90%,3460,https://static5.lenskart.com/media/catalog/product/pro/1/thumbnail/480x480/9df78eab33525d08d6e5fb8d27136e95//v/i/pink-gunmetal-full-rim-aviator-vincent-chase-indoor-glasses-vc-s17423-c1-sunglasses__dsc2030_07_08_2024.jpg,Vincent Chase,Sunglasses,Full Rim,Aviator,VC S17423,Wide,142 mm,60-14-150,Mid Gunmetal,22 gm,Average,Stainless Steel,Stainless Steel,No Power,Grey  ,Round,Fashion  ,165,2.9,"Introducing the Vincent Chase Mid Gunmetal Full Rim Aviator, a stylish accessory for fashion enthusiasts. This stainless steel-framed aviator boasts a wide fit, 142mm width, and 60-14-150 dimensions, available in a sleek Mid Gunmetal color. The weight of just 22 grams makes it easy to wear, perfect for everyday fashion statements. With its durable stainless steel temple and Mid Gunmetal Grey grey lenses, this popular model from Vincent Chase has received high praise from reviewers, averaging a rating of 2.9 out of 5 stars."
Gray Transparent Full Rim Aviator,9.00%,3460,https://static5.lenskart.com/media/catalog/product/pro/1/thumbnail/480x480/9df78eab33525d08d6e5fb8d27136e95//v/i/vincent-chase-vcs000318-c21-sunglasses__dsc5631_13_12_2024.jpg,Vincent Chase,Sunglasses,Full Rim,Aviator,VCS000318,Extra Wide,152 mm,135-150,Gray Transparent,32 gm,Above Avergae,Non-Metal,PC,No Power,Brown  ,Diamond  ,Driving  ,240,4.8,"The Vincent Chase Gray Transparent Full Rim Aviator is a stylish and functional driving sunglasses with an extra wide frame size and gray transparent color, featuring a unique aviator shape. Made from non-metal materials, these full rim frames weigh approximately 32 grams. With a brown lens color and suited for face shapes diamond and M1-M50t, this stylish accessory has a rating of 4.8 from 240 customer reviews and is available for 3461.538462."
Red Full Rim Aviator,11.70%,3460,https://static5.lenskart.com/media/catalog/product/pro/1/thumbnail/480x480/9df78eab33525d08d6e5fb8d27136e95//v/i/brown-maroon-full-rim-aviator-vincent-chase-polarized-pilot-collection-vc-s15406-c2-sunglasses_g_0730_01_02_2023.jpg,Vincent Chase Polarized,Sunglasses,Full Rim,Aviator,VC S15406,Wide,144 mm,60-14-140,Red,22 gm,Average,Stainless Steel,Stainless Steel,Single Vision,Brown  ,Triangle  ,Casual  ,205,3,"Introducing the Vincent Chase Polarized Red Full Rim Aviator. This stylish, average-weight pair of sunglasses boasts a modern frame shape, stainless steel construction, and classic aviator silhouette in a bold red colour. Designed for casual wear, they suit triangle-shaped faces and offer superior protection from the elements with polarized lenses."
Tortoise Full Rim Aviator,3.50%,3460,https://static5.lenskart.com/media/catalog/product/pro/1/thumbnail/480x480/9df78eab33525d08d6e5fb8d27136e95//v/i/brown-tortoise-full-rim-aviator-vincent-chase-polarized-metal-classics-vc-s17406-c1-sunglasses__dsc4726.jpg,Vincent Chase Polarized,Sunglasses,Full Rim,Aviator,VC S17406,Medium,140 mm,51-18-140,Tortoise,24 gm,Light,Stainless Steel,Stainless Steel,No Power,Clear  ,Heart  ,Fashion  ,150,4.5,"The Vincent Chase Polarized Tortoise Full Rim Aviator sunglasses offer a stylish and comfortable fit for the fashion-conscious individual with a medium-sized face. With Stainless Steel frames, weighing only 24gm, these aviators feature a clear lens and polarized coating, making them perfect for everyday wear."
Gold Full Rim Geometric ,8.90%,7820,https://static5.lenskart.com/media/catalog/product/pro/1/thumbnail/480x480/9df78eab33525d08d6e5fb8d27136e95//j/i/gold-transparent-full-rim-hexagonal-john-jacobs-supreme-steel-jj-e11457-c5-eyeglasses_csvfile-1710236548355-img_1028_image_pla.jpg,John Jacobs (Premium),Eyeglasses,Full Rim,Geometric,JJ E11457,Medium,134 mm,50-19-145,Gold,18 gm,Light,Stainless Steel,Stainless Steel,Bifocal,Clear  ,Oval  ,Business  ,165,4.6,"John Jacobs Premium presents the JJ E11457 Geometric full rim glasses, a sophisticated accessory for the discerning business professional. Crafted from durable stainless steel, this gold-framed eyeglasses features a slim and elegant geometric shape that perfectly suits oval faces. Weighted at a lightweight 18 grams, these precision-engineered glasses provide excellent support and comfort. Designed to be prescription-specific, JJ E11457 features clear lenses that cater to bifocal needs, making it an ideal companion for daily business endeavors."
Black Full Rim Geometric,6.30%,10000,https://static5.lenskart.com/media/catalog/product/pro/1/thumbnail/480x480/9df78eab33525d08d6e5fb8d27136e95//l/i/le-petit-lunetier-will-b-c2-eyeglasses_img_7578_11_03_2024.jpg,Le Petit Lunetier (Premium),Eyeglasses,Full Rim,Geometric,Will.B,Wide,138 mm,47-22-145,Black,28 gm,Average,Acetate,Stainless Steel,Progressive,Clear  ,Square  ,Driving  ,210,3.5,"The Black Full Rim Geometric from Le Petit Lunetier is a premium, drive-focused eyewear designed for square faces. Made from lightweight acetate frames with a sturdy stainless steel temple, this geometric frame provides average weight without compromising on style or comfort. Compatible with progressive prescriptions, it features a clear lens for optimal visibility on the road, backed by 210 reviews with an average rating of 3.5 out of 5."
Black Full Rim Clubmaster,12.10%,3460,https://static5.lenskart.com/media/catalog/product/pro/1/thumbnail/480x480/9df78eab33525d08d6e5fb8d27136e95//v/i/vincent-chase-vcs000289-c1-sunglasses__dsc0389_02_12_2024.jpg,Vincent Chase Polarized,Sunglasses,Full Rim,Clubmaster,VCS000289,Extra Wide,146 mm,54-20-144,Black,26 gm,Average,Stainless Steel,Stainless Steel,Progressive,Grey  ,Rectangle  ,Driving  ,195,4.5,"Introducing the Vincent Chase Polarized Black Full Rim Clubmaster sunglasses, featuring an extra wide frame size, stainless steel construction, and a sleek black colour, providing a classic look for everyday driving."
Silver Full Rim Square,1.20%,3460,https://static5.lenskart.com/media/catalog/product/pro/1/thumbnail/480x480/9df78eab33525d08d6e5fb8d27136e95//v/i/green-gradient-silver-full-rim-square-vincent-chase-polarized-vc-sun-metal-vcs000471-sunglasses__dsc1239_28_01_2025.jpg,Vincent Chase Polarized,Sunglasses,Full Rim,Square,VCS000471,Wide,141 mm,57-16-143,Silver,31 gm,Above Average,Stainless Steel,Stainless Steel,No Power,Blue  ,Diamond  ,Business  ,170,4.6,"Introducing the Vincent Chase Polarized Silver Full Rim Square sunglasses, designed specifically for the Diamond face shape. Available in wide frames with a square shape, stainless steel construction, and silver colour, these stylish sunglasses are perfect for a business professional. Made with comfortable stainless steel temples and weighing 31 grams, this pair offers superior durability and comfort. Engineered with polarized blue lenses, they provide excellent protection without the need for prescription."
Silver Full Rim Square,10.80%,3460,https://static5.lenskart.com/media/catalog/product/pro/1/thumbnail/480x480/9df78eab33525d08d6e5fb8d27136e95//v/i/green-gradient-silver-full-rim-square-vincent-chase-polarized-vc-sun-metal-vcs000472-sunglasses__dsc1230_28_01_2025.jpg,Vincent Chase Polarized,Sunglasses,Full Rim,Square,VCS000472,Wide,141 mm,52-22-143,Silver,33 gm,Above Average,Stainless Steel,Stainless Steel,No Power,Brown  ,Triangle  ,Driving  ,180,4.7,"The Vincent Chase Polarized Silver Full Rim Square sunglasses feature a sturdy stainless steel frame with a wide 141mm width and dimensions of 52-22-143, catering to a wide face shape. Equipped with M50 mirrors, these sunglasses are ideal for driving and provide excellent clarity with their polarized brown lenses."
Dark Gunmetal Full Rim Rectangle,4.30%,3460,https://static5.lenskart.com/media/catalog/product/pro/1/thumbnail/480x480/9df78eab33525d08d6e5fb8d27136e95//v/i/gunmetal-black-blue-gradient-full-rim-square-vincent-chase-polarized-tint---tones-vc-s11748-c13-sunglasses_g_5894_07_20_23.jpg,Vincent Chase Polarized,Sunglasses,Full Rim,Rectangle,VC S11748,Wide,143 mm,58-17-140,Dark Gunmetal,25 gm,Average,Polycarbonate,Stainless Steel,Bifocal,Brown  ,Heart  ,Driving  ,165,2,"The Vincent Chase Polarized Dark Gunmetal Full Rim Rectangle sunglasses offer excellent protection for drivers with their polycarbonate frame and brown polarized lenses. Featuring a wide frame size and 143mm width, these sunglasses provide a comfortable fit for heart-shaped faces, with a weight of 25gm and an average weight group."
Black Full Rim Rectangle,13.50%,2370,https://static5.lenskart.com/media/catalog/product/pro/1/thumbnail/480x480/9df78eab33525d08d6e5fb8d27136e95//v/i/yellow-black-full-rim-rectangle--square-vincent-chase-night-riding-glasses-vc-s16954-c1-sunglasses_csvfile-1710941491951-img_2309.jpg,Vincent Chase,Sunglasses,Full Rim,Rectangle,VC S16954,Wide,142 mm,61-16-129,Black,26 gm,Average,Polycarbonate,Polycarbonate,No Power,Green  ,Oval  ,Fashion  ,200,4.7,"Introducing the Vincent Chase Black Full Rim Rectangle sunglasses, a stylish addition to any outfit. Designed with an oval face shape in mind, these wide rectangular frames sit comfortably on oval faces, measuring 142mm in width, 61mm in depth, and 16mm in height. Their full rim design and black colour give a sleek and sophisticated look, perfect for making a fashion statement. With prescription lenses available for those who need them, these sunglasses weigh in at 26 grams, making them both sturdy and lightweight."
Gold Full Rim Square,0.80%,3680,https://static5.lenskart.com/media/catalog/product/pro/1/thumbnail/480x480/9df78eab33525d08d6e5fb8d27136e95//j/i/gold-brown-gradient-full-rim-square-john-jacobs-supreme-steel-jj-s12473s-c1-sunglasses_g_9882_5_02_22.jpg,John Jacobs Online,Sunglasses,Full Rim,Square,JJ S12473S,Extra Narrow,130 mm,51-17-142,Gold,27 gm,Average,Stainless Steel,Stainless Steel,Progressive,Grey  ,Square  ,Fashion  ,185,4.6,"The Gold Full Rim Square from John Jacobs Online features a sturdy stainless steel frame, perfect for those with square face shapes, and offers optimal protection with its full-rim design. Available in gold, this stylish and fashionable pair is ideal for everyday wear, boasting a sleek square shape and a weight of approximately 27 grams. With its progressive prescription lenses and grey tinted glass, the JJ S12473S combines functionality with desirable aesthetics, supported by an impressive 185 reviews and a rating of 4.6 out of 5."
Gold Full Rim Square,7.50%,3680,https://static5.lenskart.com/media/catalog/product/pro/1/thumbnail/480x480/9df78eab33525d08d6e5fb8d27136e95//j/i/gold-green-full-rim-square-john-jacobs-supreme-steel-jj-s12473s-c2-sunglasses_g_9847_5_02_22.jpg,John Jacobs Online,Sunglasses,Full Rim,Square,JJ S12473S,Extra Narrow,130 mm,51-17-142,Gold,27 gm,Average,Stainless Steel,Stainless Steel,Bifocal,Brown  ,Rectangle  ,Fashion  ,165,4.4,"Introducing the Gold Full Rim Square Sunglasses from John Jacobs Online. featuring a elegant Square frame shape in a 14k Gold finish and designed for the Rectangle face shape. Built for fashionistas seeking a stylish statement piece, these Extra Narrow Full Rim Sunglasses showcase the High Craftsmanship of Stainless Steel frames and tempered lenses available with Brown tint and suitable for the active Fashion enthusiast with Average weight distribution weighing 27gm."
Blue Block Screen Shield,2.10%,1500,https://static5.lenskart.com/media/catalog/product/pro/1/thumbnail/480x480/9df78eab33525d08d6e5fb8d27136e95//l/i/blue-block-screen-glasses:-transparent-full-rim-square-lenskart-blu-lb-e13526-c2_g_2161.jpg,Lenskart BLU Screen Shield,Zero Power Screen Shield,Full Rim,Square,LB E13526,Medium,135 mm,51-17-135,Crystal Transparent,15 gm,Light,TR90,TR90,No Power,Pink  ,Diamond  ,Reading  ,220,1,"Get the eye protection and reading you need with the Blue Block Screen Shield from Lenskart BLU. These full-rim, square lens, zero power glasses are made of lightweight TR90 materials, perfect for readers and people seeking eye protection. Featuring a medium size and crystal transparent frame color, they provide a sleek look while blocking blue light to reduce eye strain. Suitable for diamond face shapes, these glasses are available for 1500."
Blue Block Screen Shield,15.00%,1500,https://static5.lenskart.com/media/catalog/product/pro/1/thumbnail/480x480/9df78eab33525d08d6e5fb8d27136e95//l/i/blue-block-phone-&-computer-glasses:-blue-full-rim-round-lenskart-blu-lb-e13528-c4_vincent-chase-vc-e13528-c4-eyeglasses_g_7068_222_02_2022.jpg,Lenskart BLU Screen Shield,Zero Power Screen Shield,Full Rim,Round,LB E13528,Medium,136 mm,51-18-135,Sky Blue,14 gm,Light,TR90,TR90,No Power,Grey  ,Triangle  ,Reading  ,170,4.5,"Eye protection with the Sky Blue Blue Block Screen Shield from Lenskart BLU. Featuring a medium-sized round frame with a full rim design, this zero power screen glasses offers a sleek and stylish look. Crafted from lightweight TR90 frame material and TR90 temples, this glasses is designed for easy wear. Perfect for everyday use and suitable for reading, these glasses provide a comfortable and block-indicating screen experience. With a 4.5-star rating from 170 customer reviews, the Sky Blue Blue Block Screen Glasses  have a price of 1500.0."
Black Full Rim Clubmaster,9.30%,3460,https://static5.lenskart.com/media/catalog/product/pro/1/thumbnail/480x480/9df78eab33525d08d6e5fb8d27136e95//v/i/Matte-Black-Silver-Black-Grey-Full-Rim-Clubmaster-Vincent-Chase-Polarized-MIRAGE-VC-S12973-C1-Sunglasses_vincent-chase-vc-s12973-c1-sunglasses_g_333518_02_2022.jpg,Vincent Chase Polarized,Sunglasses,Full Rim,Clubmaster,VC S12973,Wide,142 mm,50-20-145,Black,24 gm,Light,Stainless Steel,Polycarbonate,Progressive,Blue  ,Heart  ,Casual  ,210,4.6,"Vincent Chase Polarized Black Full Rim Clubmaster sunglasses are stylish. Featuring a stainless steel frame with a wide 142mm width, these sunglasses are suitable for casual wearers with a heart-shaped face and progressive prescription lenses available. Comfortable and lightweight, these polarized sunglasses provide clear visibility while enjoying the outdoors."
Gold Full Rim Clubmaster,5.90%,3460,https://static5.lenskart.com/media/catalog/product/pro/1/thumbnail/480x480/9df78eab33525d08d6e5fb8d27136e95//v/i/vincent-chase-vc-s14475-c1-sunglasses_g_8279.jpg,Vincent Chase Polarized,Sunglasses,Full Rim,Clubmaster,VC S14475,Narrow,134 mm,50-19-151,Gold,19 gm,Light,Polycarbonate,Stainless Steel,Bifocal,Brown  ,Oval  ,Fashion  ,205,1,"Introducing the Vincent Chase Polarized Gold Full Rim Clubmaster sunglasses, a stylish and fashion-forward accessory designed specifically for oval face shapes. With its uniquely narrow frame measurements and sturdy polycarbonate construction, this pair boasts a sophisticated elegance. Available in a range of additional prescription lens colors and styles for frame shapes other than oval."
Brown Transparent Full Rim Clubmaster,11.10%,3460,https://static5.lenskart.com/media/catalog/product/pro/1/thumbnail/480x480/9df78eab33525d08d6e5fb8d27136e95//v/i/Brown-Green-Full-Rim-Clubmaster--Vincent-Chase-Polarized-MIRAGE-VC-S10681/P-C5-Sunglasses_vincent-chase-vc-s10681-c5-sunglasses_sunglasses_sunglasses_m_7958_3_1_1_1_1_118_02_2022.jpg,Vincent Chase Polarized,Sunglasses,Full Rim,Clubmaster,VC S10681/P,Wide,145 mm,53-20-145,Brown Transparent,25 gm,Light,Stainless Steel,PC,No Power,Grey  ,Square  ,Business  ,200,4.5,"These Brown Transparent Full Rim Clubmaster sunglasses from Vincent Chase Polarized offer a stylish combination of classic design and polarized protection. Made from durable stainless steel, they feature temple tips in PC material, weighing in at a light 25gm. Perfect for the business professional with a square face shape, the compact dimensions of 53 20 145 provide a secure fit."
Sky Blue Full Rim Clubmaster,3.80%,3460,https://static5.lenskart.com/media/catalog/product/pro/1/thumbnail/480x480/9df78eab33525d08d6e5fb8d27136e95//v/i/copper-blue-brown-full-rim-clubmaster-vincent-chase-polorized-readers-club-vc-s15751-c2-sunglasses_g_7349_09_08_2023.jpg,Vincent Chase Polarized,Sunglasses,Full Rim,Clubmaster,VC S15751,Medium,139 mm,53-17-146,Sky Blue,21 gm,Average,Stainless Steel,Stainless Steel,Single Vision,Red  ,Rectangle  ,Reading  ,160,4.6,"Experience the Vincent Chase Polarized Sky Blue Full Rim Clubmaster sunglasses, designed for everyday wear. This medium frame features a classic Clubmaster shape, measuring 139mm wide, with a stainless steel frame and temples. Perfect for reading, these stylish glasses also boast a Sky Blue color and red polarized lenses, bringing you protection and comfort with a 21-gram weight in the average weight range."
Mid Gunmetal Full Rim Rectangle,14.00%,3460,https://static5.lenskart.com/media/catalog/product/pro/1/thumbnail/480x480/9df78eab33525d08d6e5fb8d27136e95//v/i/gunmetal-grey-gradient-full-rim-rectangle-vincent-chase-polarized-maverick-vc-s15757-c2-sunglasses_g_4606_07_07_23.jpg,Vincent Chase Polarized,Sunglasses,Full Rim,Rectangle,VC S15757,Medium,140 mm,50-17-148,Mid Gunmetal,23 gm,Average,Stainless Steel,Stainless Steel,Progressive,Blue  ,Round,Reading  ,150,4.5,"The Vincent Chase Polarized Mid Gunmetal Full Rim Rectangle sunglasses (Model Number VC S15757) feature a medium frame size of 50-17-148 and a rectangular frame shape suitable for round faces, and promote coverage for reading activities. These full-rim sunglasses weigh approximately 23 grams and have a stainless steel frame and temple material, with a blue progressive lens color."
Silver Full Rim Round,6.60%,3460,https://static5.lenskart.com/media/catalog/product/pro/1/thumbnail/480x480/9df78eab33525d08d6e5fb8d27136e95//v/i/vincent-chase-the-metal-edit-vc-s15765-c2-sunglasses_img_4743_24_01_2024.jpg,Vincent Chase Polarized,Sunglasses,Full Rim,Round,VC S15765,Medium,137 mm,48-20-147,Silver,20 gm,Light,Stainless Steel,Stainless Steel,Bifocal,Green  ,Diamond  ,Driving  ,140,4.7,"Introducing the VC S15765 Silver Full Rim Round sunglasses from Vincent Chase Polarized. Crafted with high-quality stainless steel frames, these premium shades boast a round shape and full rim design for complete coverage. Available in silver and a green polarized lens, theyre ideal for driving or everyday wear. With a medium size and dimensions of 48-20-147, these sunglasses fit comfortably on diamond-shaped faces. Available as prescription bifocals with a weight of 20gm, a Light Weight Group, and 140 customer reviews with a 4.7 star rating."
Gray Full Rim Round,0.50%,6730,https://static5.lenskart.com/media/catalog/product/pro/1/thumbnail/480x480/9df78eab33525d08d6e5fb8d27136e95//j/i/john-jacobs-jj-s17343w-c3-sunglasses__dsc8013_31_12_2024.jpg,John Jacobs,Sunglasses,Full Rim,Round,JJ S17343W,Wide,142 mm,48-23-145,Gray,27 gm,Moderate,Italian Acetate,Italian Acetate,Progressive,Yellow  ,Triangle  ,Driving  ,150,1,"The John Jacobs Gray Full Rim Round is a stylish and functional pair of sunglasses perfect for triangle face shapes. Featuring a wide frame size and round shape, these Italian acetate sunglasses feature moderate weight and a gray color. Suitable for progressive prescription lenses and yellow lenses, they are ideal for driving and suitable for those who prefer a classic, full-rim style. With 150 reviews and a perfect 1.0 rating, you can trust these sunglasses to provide excellent optical quality and comfort. With a price of 6730.769231 and a package weight of 27 gm, they offer great value for their quality and performance."
Tortoise Half Rim Wayfarer,12.50%,3460,https://static5.lenskart.com/media/catalog/product/pro/1/thumbnail/480x480/9df78eab33525d08d6e5fb8d27136e95//l/i/tortoise-blue-mirror-half-rim-wayfarer-blue-billion-lenskart-boost-lkb-s16443-c1-sunglasses_csvfile-1699618250767-g_1195-2.jpg,Lenskart Boost,Sunglasses,Half Rim,Wayfarer,LKB S16443,Wide,143 mm,67-20-125,Tortoise,28 gm,Average,Polycarbonate,PC,No Power,Purple  ,Heart  ,Driving  ,155,2.8,"The Lenskart Boost Tortoise Half Rim Wayfarer is a stylish and durable pair of sunglasses designed for driving. Features include a polycarbonate frame, PC temples, purple lenses, and a classic tortoise frame colour, available in the wide and average weight group frame size of 67-20-125 mm."
Sky Blue Full Rim Cat Eye,5.30%,1500,https://static5.lenskart.com/media/catalog/product/pro/1/thumbnail/480x480/9df78eab33525d08d6e5fb8d27136e95//v/i/vincent-chase-vc-s16142-c1-sunglasses_211324_2_01_12_2023.jpg,Vincent Chase Online,Sunglasses,Full Rim,Cat Eye,VC S16142,Wide,141 mm,54-18-143,Sky Blue,27 gm,Average,Polycarbonate,Polycarbonate,Single Vision,Orange  ,Oval  ,Fashion  ,150,4.6,"Our Sky Blue Full Rim Cat Eye Sunglasses, model VC S16142, is a stylish addition to any fashionable ensemble, featuring a wide, comfortable fit with a cat eye shape and sky blue frame. The average-weight polycarbonate frame ensures all-day wearability, while the orange-tinted lenses provide excellent visibility. Providing prescription capabilities and being a fashion must-have, these sunglasses boast a total of 150 reviews with a 4.6-star rating. Available for 1500."
Crystal Transparent Full Rim Cat Eye,9.80%,1500,https://static5.lenskart.com/media/catalog/product/pro/1/thumbnail/480x480/9df78eab33525d08d6e5fb8d27136e95//v/i/vincent-chase-vc-s16142-c4-sunglasses_211327_2_01_12_2023.jpg,Vincent Chase Online,Sunglasses,Full Rim,Cat Eye,VC S16142,Wide,141 mm,54-18-143,Crystal Transparent,27 gm,Average,Polycarbonate,PC,Single Vision,Pink  ,Square  ,Casual  ,165,4.7,"Introducing the Crystal Transparent Full Rim Cat Eye sunglasses from Vincent Chase Online, perfect for a square face shape. With its stylish cat eye frame and wide size, these sunglasses provide all-day comfort and protection. Made from lightweight polycarbonate, these average-weight frames offer great value for 1500, featuring 165 customer reviews and a stellar 4.7 rating."
Silver Full Rim Clubmaster,7.10%,1940,https://static5.lenskart.com/media/catalog/product/pro/1/thumbnail/480x480/9df78eab33525d08d6e5fb8d27136e95//v/i/vincent-chase-vc-s16338-c2-sunglasses_img_1739_21_11_2023.jpg,Vincent Chase Online,Sunglasses,Full Rim,Clubmaster,VC S16338,Extra Wide,146 mm,53-18-150,Silver,22 gm,Average,Stainless Steel,PC,No Power,Teal  ,Rectangle  ,Driving  ,160,4.5,"Our Silver Full Rim Clubmaster sunglasses are a style classic, perfect for driving in comfort. Made with a sturdy Stainless Steel frame and available in Extra Wide, this model boasts a striking Silver colour and dimensions 53-18-150. It combines a sleek Clubmaster design with a durable PC Temple and comes in the popular Teal lens colour. With 160 customer reviews averaging 4.5 out of 5 stars, you can trust the quality of our Vincent Chase Online Silver Full Rim Clubmaster sunglasses, available to purchase for $1935.90."
Pink Full Rim Wayfarer,3.20%,1500,https://static5.lenskart.com/media/catalog/product/pro/1/thumbnail/480x480/9df78eab33525d08d6e5fb8d27136e95//v/i/vincent-chase-vc-s16143-c5-sunglasses_img_0568_01_12_2023.jpg,Vincent Chase Online,Sunglasses,Full Rim,Wayfarer,VC S16143,Wide,141 mm,52-19-143,Pink,27 gm,Average,Polycarbonate,Polycarbonate,Bifocal,Brown  ,Diamond  ,Fashion  ,160,4.6,"Add a touch of glamour to your look with the Pink Full Rim Wayfarer by Vincent Chase Online. Featuring a classic wayfarer frame shape, wide frame size, and pink polycarbonate material, these stylish sunglasses are perfect for fashionistas. Perfect for diamond-shaped faces, the pink wayfarer glasses are designed to suit your face shape, and are available in brown colored lenses to complement the vibrant pink colour of the frame. Practical and average in weight, these sunglasses are suitable for fashion activities and can be easily customized for prescription needs with Vincent Chase Online's bifocal functionality. With an average weight and excellent reviews from 160 customers with a 4.6-star rating, you can trust that these sunglasses are both stylish and reliable."
Purple Full Rim Cat Eye,14.60%,1500,https://static5.lenskart.com/media/catalog/product/pro/1/thumbnail/480x480/9df78eab33525d08d6e5fb8d27136e95//v/i/vincent-chase-vc-s16145-c3-sunglasses_211347_2_16_11_2023.jpg,Vincent Chase Online,Sunglasses,Full Rim,Cat Eye,VC S16145,Wide,143 mm,52-19-145,Purple,31 gm,Average,Polycarbonate,Polycarbonate,No Power,Black  ,Triangle  ,Fashion  ,170,5,"The Vincent Chase Online Purple Full Rim Cat Eye sunglasses offer a statement-making style with a vibrant purple frame. With its wide frame width of 143mm and polycarbonate material, these sunglasses are sturdy and comfortable. Designed for fashion-conscious individuals, they feature a triangle face shape and come in black cat-eye lenses with prescription options available for triangle face shapes. Available in size 52-19-145, this average-weight pair weighs 31 grams."
Green Full Rim Wayfarer,6.90%,1500,https://static5.lenskart.com/media/catalog/product/pro/1/thumbnail/480x480/9df78eab33525d08d6e5fb8d27136e95//v/i/vincent-chase-vc-s16143-c1-sunglasses_211331_2_01_12_2023.jpg,Vincent Chase Online,Sunglasses,Full Rim,Wayfarer,VC S16143,Wide,141 mm,52-19-143,Green,27 gm,Average,Polycarbonate,PC,Progressive,White  ,Heart  ,Fashion  ,150,4.5,"Introducing the Vincent Chase Online Green Full Rim Wayfarer, part of our fashion-forward collection. This stylish full-rim wayfarer features a wide frame size of 52-19-143, green in colour, and measures 141 mm in width. With polycarbonate frames and PC temples, these sunglasses offer average weight and a comfortable fit. Suitable for fashion-conscious individuals, the Green Full Rim Wayfarer is available with progressive lenses and a choice of temple tips. Our customers rate these stylish shades as 4.5 out of 5 stars, based on 150 reviews. Available for 1500."
Dark Gunmetal Rimless Rectangle,2.50%,3460,https://static5.lenskart.com/media/catalog/product/pro/1/thumbnail/480x480/9df78eab33525d08d6e5fb8d27136e95//v/i/vincent-chase-vcs000321-c16-sunglasses_dsc5299_21_11_2024.jpg,Vincent Chase,Sunglasses,Rimless,Rectangle,VCS000321,Wide,142 mm,136-145,Dark Gunmetal,28 gm,Light,Stainless Steel,Stainless Steel,Not Available,Gray  ,Oval  ,Fashion  ,140,4.4,"Introducing the Dark Gunmetal Rimless Rectangle sunglasses by Vincent Chase, a stylish and sophisticated accessory for the fashion-conscious individual. Made from high-quality stainless steel, these sleek rimless shades feature a wide frame size of 142 mm and fall within the light weight category, weighing just 28 gm. Available in dark gunmetal, gray lenses, and suited to an oval face shape, these sunglasses are perfect for making a statement while keeping the fashion trend alive."
Gold Rimless Rectangle,11.40%,3460,https://static5.lenskart.com/media/catalog/product/pro/1/thumbnail/480x480/9df78eab33525d08d6e5fb8d27136e95//v/i/gold-brown-brown-rimless-square-vincent-chase-met-effect-vc-s15397-c3-sunglasses_g_1017_02_02_23.jpg,Vincent Chase,Sunglasses,Rimless,Rectangle,VC S15397,Wide,142 mm,60-12-148,Gold,37 gm,Average,Stainless Steel,Stainless Steel,No Power,Brown  ,Square  ,Fashion  ,180,4.6,"Introducing the Vincent Chase Gold Rimless Rectangle sunglasses model VC S15397. This stylish pair features a sleek stainless steel frame with a gold finish, measuring 60-12-148 in width, available in a wide size to suit square face shapes. With a comfortable stainless steel temple and a weight average of 37 grams, this fashion-forward accessory is perfect for those who want a classic look without the hassle of prescription frames. A perfect alternative is the Vincent Chase Gold Rimless Rectangle with an average weight of 37 grams and 180 reviews, averaging a 4.6-star rating."
